id;type_doc;nom_courrier;nom_email;nom_ep
1;49656;monetize superstructure Fantastic;Industrial;bypassing granular Usability
2;67676;Borders Borders Practical;methodical;Pakistan
3;21272;Data neural Wooden;Cambridgeshire Tasty Rubber Car mindshare;Guam bandwidth Liaison
4;68803;generating SDD bypassing;Algerian Dinar Fantastic Fresh Salad;Steel Avon Visionary
5;58130;PCI SAS;Interactions;Pennsylvania dynamic bandwidth
6;48166;mesh system Triple-buffered;Cotton;Advanced grow
7;57147;hack;Fresh payment synthesize;Versatile seize
8;47771;Refined;Mandatory Assistant;Strategist
9;55600;success;Tuvalu;Senior Optional Yemeni Rial
10;7543;Tuna magenta;Wells;Naira iterate
